Skin_Type,Skin_Issue,Product_Category,Recommended_Product,Usage,Frequency
Oily,Acne,Moisturizer,Neutrogena Hydro Boost Gel,Morning & Night,2 Times
Dry,Dryness,Cleanser,Bioderma Atoderm Gel,Morning & Night,2 Times
Sensitive,Redness,Spot Treatment,Avene Cicalfate+,Night,As Needed
Oily,Acne,Cleanser,CeraVe Foaming Cleanser,Morning & Night,2 Times
Dry,Flaky Skin,Spot Treatment,Cicaplast Baume B5,Night,As Needed
Sensitive,Dryness,Spot Treatment,Avene Cicalfate+,Night,As Needed
Dry,Wrinkles,Spot Treatment,La Roche-Posay Cicaplast,Night,As Needed
Oily,Blackheads,Sunscreen,Minimalist SPF50,Morning,Every Morning
Normal,Dark Spots,Serum,The Ordinary Alpha Arbutin,Morning or Night,1 Time
Oily,Acne,Sunscreen,La Roche-Posay Oil Control SPF50,Morning,Every Morning
Normal,Tan,Spot Treatment,Alpha Arbutin Serum,Night,As Needed
Oily,Large Pores,Spot Treatment,Benzac AC 2.5%,Night,As Needed
Combination,Acne,Spot Treatment,Niacinamide Spot Gel,Night,As Needed
Sensitive,Irritation,Spot Treatment,Cicaplast Baume B5,Night,As Needed
Oily,Acne,Serum,Minimalist Niacinamide 10%,Morning or Night,1 Time
Oily,Blackheads,Cleanser,Cetaphil Oily Skin Cleanser,Morning & Night,2 Times
Normal,Dull Skin,Moisturizer,Simple Hydrating Moisturizer,Morning & Night,2 Times
Normal,Tan,Serum,Minimalist Tranexamic Acid,Morning or Night,1 Time
Normal,Pigmentation,Spot Treatment,Vitamin C Spot Corrector,Night,As Needed
Sensitive,Dryness,Serum,La Roche-Posay Hyalu B5,Morning or Night,1 Time
Combination,Blackheads,Spot Treatment,Benzac AC 2.5%,Night,As Needed
Normal,Pigmentation,Serum,Minimalist Vitamin C,Morning or Night,1 Time
Normal,Dull Skin,Moisturizer,Simple Hydrating Moisturizer,Morning & Night,2 Times
Dry,Flaky Skin,Moisturizer,CeraVe Moisturizing Cream,Morning & Night,2 Times
Combination,Large Pores,Sunscreen,Re'equil Ultra Matte SPF50,Morning,Every Morning
Normal,Dark Spots,Serum,Minimalist Tranexamic Acid,Morning or Night,1 Time
Sensitive,Irritation,Spot Treatment,Avene Cicalfate+,Night,As Needed
Sensitive,Rosacea,Moisturizer,CeraVe Moisturizing Cream,Morning & Night,2 Times
Dry,Flaky Skin,Sunscreen,Bioderma Photoderm,Morning,Every Morning
Oily,Acne,Serum,COSRX BHA Power Liquid,Morning or Night,1 Time
Dry,Flaky Skin,Sunscreen,Fixderma SPF50,Morning,Every Morning
Oily,Large Pores,Sunscreen,Re'equil Ultra Matte SPF50,Morning,Every Morning
Combination,Blackheads,Spot Treatment,Benzac AC 2.5%,Night,As Needed
Oily,Whiteheads,Moisturizer,Neutrogena Hydro Boost Gel,Morning & Night,2 Times
Normal,Dull Skin,Serum,The Ordinary Alpha Arbutin,Morning or Night,1 Time
Oily,Whiteheads,Spot Treatment,Benzac AC 2.5%,Night,As Needed
Sensitive,Redness,Moisturizer,CeraVe Moisturizing Cream,Morning & Night,2 Times
Dry,Wrinkles,Serum,Neutrogena Hydro Boost Serum,Morning or Night,1 Time
Sensitive,Redness,Spot Treatment,Avene Cicalfate+,Night,As Needed
Combination,Acne,Cleanser,Simple Refreshing Face Wash,Morning & Night,2 Times
Normal,Dark Spots,Cleanser,Simple Refreshing Face Wash,Morning & Night,2 Times
Sensitive,Redness,Cleanser,Aveeno Calm + Restore Cleanser,Morning & Night,2 Times
Oily,Blackheads,Serum,COSRX BHA Power Liquid,Morning or Night,1 Time
Combination,Pigmentation,Moisturizer,Simple Hydrating Moisturizer,Morning & Night,2 Times
Dry,Flaky Skin,Serum,Neutrogena Hydro Boost Serum,Morning or Night,1 Time
Normal,Dull Skin,Moisturizer,Cetaphil Moisturizing Lotion,Morning & Night,2 Times
Sensitive,Rosacea,Cleanser,La Roche-Posay Toleriane Cleanser,Morning & Night,2 Times
Dry,Dryness,Moisturizer,CeraVe Moisturizing Cream,Morning & Night,2 Times
Sensitive,Dryness,Spot Treatment,Cicaplast Baume B5,Night,As Needed
Oily,Acne,Cleanser,CeraVe Foaming Cleanser,Morning & Night,2 Times
Oily,Acne,Moisturizer,Neutrogena Hydro Boost Gel,Morning & Night,2 Times
Sensitive,Dryness,Moisturizer,Aveeno Daily Moisturizer,Morning & Night,2 Times
Dry,Flaky Skin,Serum,Neutrogena Hydro Boost Serum,Morning or Night,1 Time
Sensitive,Rosacea,Serum,La Roche-Posay Hyalu B5,Morning or Night,1 Time
Combination,Pigmentation,Cleanser,CeraVe Foaming Cleanser,Morning & Night,2 Times
Combination,Blackheads,Sunscreen,Minimalist SPF50,Morning,Every Morning
Combination,Acne,Cleanser,CeraVe Foaming Cleanser,Morning & Night,2 Times
Combination,Blackheads,Cleanser,CeraVe Foaming Cleanser,Morning & Night,2 Times
Dry,Dryness,Spot Treatment,La Roche-Posay Cicaplast,Night,As Needed
Dry,Wrinkles,Serum,Minimalist Hyaluronic Acid,Morning or Night,1 Time
Combination,Pigmentation,Cleanser,Simple Refreshing Face Wash,Morning & Night,2 Times
Sensitive,Redness,Cleanser,La Roche-Posay Toleriane Cleanser,Morning & Night,2 Times
Oily,Blackheads,Serum,Minimalist Niacinamide 10%,Morning or Night,1 Time
Combination,Large Pores,Serum,Minimalist Vitamin C,Morning or Night,1 Time
Oily,Blackheads,Sunscreen,La Roche-Posay Oil Control SPF50,Morning,Every Morning
Combination,Blackheads,Sunscreen,Minimalist SPF50,Morning,Every Morning
Combination,Large Pores,Serum,Minimalist Niacinamide 10%,Morning or Night,1 Time
Normal,Dark Spots,Cleanser,Simple Refreshing Face Wash,Morning & Night,2 Times
Normal,Pigmentation,Cleanser,Cetaphil Gentle Cleanser,Morning & Night,2 Times
Sensitive,Dryness,Cleanser,La Roche-Posay Toleriane Cleanser,Morning & Night,2 Times
Dry,Dryness,Spot Treatment,Cicaplast Baume B5,Night,As Needed
Dry,Wrinkles,Cleanser,Bioderma Atoderm Gel,Morning & Night,2 Times
Dry,Flaky Skin,Spot Treatment,Cicaplast Baume B5,Night,As Needed
Sensitive,Redness,Sunscreen,Bioderma Photoderm,Morning,Every Morning
Normal,Dark Spots,Moisturizer,Simple Hydrating Moisturizer,Morning & Night,2 Times
Normal,Dull Skin,Serum,Minimalist Tranexamic Acid,Morning or Night,1 Time
Normal,Dull Skin,Moisturizer,Simple Hydrating Moisturizer,Morning & Night,2 Times
Oily,Large Pores,Spot Treatment,Benzac AC 2.5%,Night,As Needed
Oily,Blackheads,Spot Treatment,The Ordinary Salicylic Acid,Night,As Needed
Dry,Wrinkles,Cleanser,Cetaphil Gentle Cleanser,Morning & Night,2 Times
Normal,Tan,Serum,The Ordinary Alpha Arbutin,Morning or Night,1 Time
Sensitive,Irritation,Spot Treatment,Cicaplast Baume B5,Night,As Needed
Sensitive,Irritation,Cleanser,La Roche-Posay Toleriane Cleanser,Morning & Night,2 Times
Normal,Pigmentation,Cleanser,Simple Refreshing Face Wash,Morning & Night,2 Times
Normal,Tan,Spot Treatment,Vitamin C Spot Corrector,Night,As Needed
Normal,Dark Spots,Moisturizer,Cetaphil Moisturizing Lotion,Morning & Night,2 Times
Normal,Pigmentation,Cleanser,Cetaphil Gentle Cleanser,Morning & Night,2 Times
Normal,Pigmentation,Cleanser,Cetaphil Gentle Cleanser,Morning & Night,2 Times
Dry,Flaky Skin,Moisturizer,CeraVe Moisturizing Cream,Morning & Night,2 Times
Combination,Large Pores,Spot Treatment,Benzac AC 2.5%,Night,As Needed
Oily,Acne,Serum,COSRX BHA Power Liquid,Morning or Night,1 Time
Oily,Whiteheads,Spot Treatment,Benzac AC 2.5%,Night,As Needed
Combination,Pigmentation,Cleanser,Simple Refreshing Face Wash,Morning & Night,2 Times
Normal,Pigmentation,Moisturizer,Simple Hydrating Moisturizer,Morning & Night,2 Times
Dry,Flaky Skin,Cleanser,CeraVe Hydrating Cleanser,Morning & Night,2 Times
Sensitive,Rosacea,Spot Treatment,Cicaplast Baume B5,Night,As Needed
Dry,Dryness,Serum,Minimalist Hyaluronic Acid,Morning or Night,1 Time
Oily,Blackheads,Moisturizer,Minimalist Sepicalm Moisturizer,Morning & Night,2 Times
Dry,Wrinkles,Serum,Neutrogena Hydro Boost Serum,Morning or Night,1 Time
Oily,Large Pores,Cleanser,Cetaphil Oily Skin Cleanser,Morning & Night,2 Times
Dry,Dryness,Sunscreen,Cetaphil Sun SPF50,Morning,Every Morning
Normal,Dark Spots,Serum,Minimalist Vitamin C,Morning or Night,1 Time
Dry,Wrinkles,Moisturizer,Cetaphil Moisturizing Cream,Morning & Night,2 Times
Oily,Whiteheads,Moisturizer,Minimalist Sepicalm Moisturizer,Morning & Night,2 Times
Sensitive,Irritation,Cleanser,La Roche-Posay Toleriane Cleanser,Morning & Night,2 Times
Normal,Dark Spots,Spot Treatment,Alpha Arbutin Serum,Night,As Needed
Oily,Acne,Spot Treatment,The Ordinary Salicylic Acid,Night,As Needed
Normal,Tan,Sunscreen,Minimalist SPF50,Morning,Every Morning
Combination,Pigmentation,Moisturizer,Neutrogena Hydro Boost Gel,Morning & Night,2 Times
Combination,Acne,Spot Treatment,Benzac AC 2.5%,Night,As Needed
Normal,Dull Skin,Cleanser,Cetaphil Gentle Cleanser,Morning & Night,2 Times
Sensitive,Irritation,Cleanser,Aveeno Calm + Restore Cleanser,Morning & Night,2 Times
Sensitive,Irritation,Sunscreen,Bioderma Photoderm,Morning,Every Morning
Combination,Blackheads,Spot Treatment,Benzac AC 2.5%,Night,As Needed
Dry,Wrinkles,Sunscreen,Fixderma SPF50,Morning,Every Morning
Dry,Flaky Skin,Spot Treatment,La Roche-Posay Cicaplast,Night,As Needed
Combination,Acne,Moisturizer,Simple Hydrating Moisturizer,Morning & Night,2 Times
Dry,Wrinkles,Spot Treatment,La Roche-Posay Cicaplast,Night,As Needed
Combination,Large Pores,Sunscreen,Re'equil Ultra Matte SPF50,Morning,Every Morning
Sensitive,Rosacea,Serum,Aveeno Calm + Restore Serum,Morning or Night,1 Time
Normal,Tan,Cleanser,Simple Refreshing Face Wash,Morning & Night,2 Times
Normal,Dark Spots,Serum,Minimalist Vitamin C,Morning or Night,1 Time
Oily,Acne,Serum,Minimalist Niacinamide 10%,Morning or Night,1 Time
Sensitive,Redness,Sunscreen,Bioderma Photoderm,Morning,Every Morning
Sensitive,Dryness,Sunscreen,Bioderma Photoderm,Morning,Every Morning
Combination,Pigmentation,Serum,Minimalist Niacinamide 10%,Morning or Night,1 Time
Oily,Large Pores,Serum,The Ordinary Niacinamide 10%,Morning or Night,1 Time
Sensitive,Rosacea,Cleanser,La Roche-Posay Toleriane Cleanser,Morning & Night,2 Times
Oily,Large Pores,Serum,Minimalist Niacinamide 10%,Morning or Night,1 Time
Sensitive,Irritation,Sunscreen,Bioderma Photoderm,Morning,Every Morning
Sensitive,Rosacea,Serum,La Roche-Posay Hyalu B5,Morning or Night,1 Time
Combination,Blackheads,Serum,Minimalist Vitamin C,Morning or Night,1 Time
Sensitive,Rosacea,Serum,La Roche-Posay Hyalu B5,Morning or Night,1 Time
Combination,Acne,Moisturizer,Neutrogena Hydro Boost Gel,Morning & Night,2 Times
Normal,Tan,Moisturizer,Simple Hydrating Moisturizer,Morning & Night,2 Times
Dry,Dryness,Serum,Minimalist Hyaluronic Acid,Morning or Night,1 Time
Dry,Flaky Skin,Serum,The Ordinary Hyaluronic Acid,Morning or Night,1 Time
Combination,Large Pores,Moisturizer,Simple Hydrating Moisturizer,Morning & Night,2 Times
Combination,Acne,Serum,Minimalist Vitamin C,Morning or Night,1 Time
Combination,Acne,Spot Treatment,Niacinamide Spot Gel,Night,As Needed
Combination,Acne,Moisturizer,Simple Hydrating Moisturizer,Morning & Night,2 Times
Combination,Large Pores,Spot Treatment,Benzac AC 2.5%,Night,As Needed
Combination,Pigmentation,Moisturizer,Simple Hydrating Moisturizer,Morning & Night,2 Times
Combination,Acne,Sunscreen,Minimalist SPF50,Morning,Every Morning
Combination,Pigmentation,Sunscreen,Re'equil Ultra Matte SPF50,Morning,Every Morning
Sensitive,Redness,Sunscreen,La Roche-Posay Anthelios,Morning,Every Morning
Oily,Large Pores,Serum,Minimalist Niacinamide 10%,Morning or Night,1 Time
Dry,Dryness,Moisturizer,Cetaphil Moisturizing Cream,Morning & Night,2 Times
Normal,Dark Spots,Sunscreen,Neutrogena Ultra Sheer SPF50,Morning,Every Morning
Normal,Dull Skin,Moisturizer,Cetaphil Moisturizing Lotion,Morning & Night,2 Times
Normal,Pigmentation,Sunscreen,Minimalist SPF50,Morning,Every Morning
Sensitive,Redness,Moisturizer,CeraVe Moisturizing Cream,Morning & Night,2 Times
Oily,Acne,Cleanser,CeraVe Foaming Cleanser,Morning & Night,2 Times
Dry,Dryness,Spot Treatment,Cicaplast Baume B5,Night,As Needed
Dry,Dryness,Sunscreen,Fixderma SPF50,Morning,Every Morning
Oily,Blackheads,Sunscreen,Re'equil Ultra Matte SPF50,Morning,Every Morning
Normal,Tan,Serum,Minimalist Tranexamic Acid,Morning or Night,1 Time
Sensitive,Redness,Serum,La Roche-Posay Hyalu B5,Morning or Night,1 Time
Oily,Acne,Moisturizer,Minimalist Sepicalm Moisturizer,Morning & Night,2 Times
Combination,Pigmentation,Cleanser,CeraVe Foaming Cleanser,Morning & Night,2 Times
Oily,Whiteheads,Spot Treatment,Benzac AC 2.5%,Night,As Needed
Sensitive,Redness,Moisturizer,Aveeno Daily Moisturizer,Morning & Night,2 Times
Normal,Pigmentation,Spot Treatment,Alpha Arbutin Serum,Night,As Needed
Oily,Large Pores,Sunscreen,La Roche-Posay Oil Control SPF50,Morning,Every Morning
Combination,Blackheads,Sunscreen,Re'equil Ultra Matte SPF50,Morning,Every Morning
Combination,Pigmentation,Spot Treatment,Niacinamide Spot Gel,Night,As Needed
Sensitive,Rosacea,Sunscreen,Bioderma Photoderm,Morning,Every Morning
Sensitive,Irritation,Moisturizer,CeraVe Moisturizing Cream,Morning & Night,2 Times
Oily,Whiteheads,Sunscreen,La Roche-Posay Oil Control SPF50,Morning,Every Morning
Combination,Large Pores,Moisturizer,Neutrogena Hydro Boost Gel,Morning & Night,2 Times
Combination,Blackheads,Serum,Minimalist Vitamin C,Morning or Night,1 Time
Dry,Wrinkles,Moisturizer,Cetaphil Moisturizing Cream,Morning & Night,2 Times
Normal,Tan,Spot Treatment,Vitamin C Spot Corrector,Night,As Needed
Sensitive,Dryness,Cleanser,La Roche-Posay Toleriane Cleanser,Morning & Night,2 Times
Combination,Large Pores,Spot Treatment,Benzac AC 2.5%,Night,As Needed
Combination,Large Pores,Sunscreen,Re'equil Ultra Matte SPF50,Morning,Every Morning
Oily,Whiteheads,Serum,Minimalist Niacinamide 10%,Morning or Night,1 Time
Dry,Wrinkles,Spot Treatment,La Roche-Posay Cicaplast,Night,As Needed
Combination,Blackheads,Sunscreen,Minimalist SPF50,Morning,Every Morning
Normal,Dull Skin,Moisturizer,Cetaphil Moisturizing Lotion,Morning & Night,2 Times
Normal,Dark Spots,Cleanser,Simple Refreshing Face Wash,Morning & Night,2 Times
Normal,Pigmentation,Spot Treatment,Vitamin C Spot Corrector,Night,As Needed
Dry,Dryness,Sunscreen,Cetaphil Sun SPF50,Morning,Every Morning
Sensitive,Irritation,Cleanser,La Roche-Posay Toleriane Cleanser,Morning & Night,2 Times
Normal,Dark Spots,Moisturizer,Simple Hydrating Moisturizer,Morning & Night,2 Times
Normal,Pigmentation,Spot Treatment,Vitamin C Spot Corrector,Night,As Needed
Normal,Pigmentation,Cleanser,Cetaphil Gentle Cleanser,Morning & Night,2 Times
Dry,Flaky Skin,Sunscreen,Bioderma Photoderm,Morning,Every Morning
Oily,Whiteheads,Sunscreen,Minimalist SPF50,Morning,Every Morning
Combination,Blackheads,Serum,Minimalist Niacinamide 10%,Morning or Night,1 Time
Normal,Dull Skin,Cleanser,Simple Refreshing Face Wash,Morning & Night,2 Times
Combination,Large Pores,Cleanser,CeraVe Foaming Cleanser,Morning & Night,2 Times
Dry,Dryness,Spot Treatment,La Roche-Posay Cicaplast,Night,As Needed
Oily,Blackheads,Cleanser,Minimalist Salicylic Acid Cleanser,Morning & Night,2 Times
Combination,Pigmentation,Spot Treatment,Niacinamide Spot Gel,Night,As Needed
Combination,Large Pores,Moisturizer,Simple Hydrating Moisturizer,Morning & Night,2 Times
Normal,Pigmentation,Spot Treatment,Vitamin C Spot Corrector,Night,As Needed
Dry,Flaky Skin,Serum,Minimalist Hyaluronic Acid,Morning or Night,1 Time
Oily,Blackheads,Serum,The Ordinary Niacinamide 10%,Morning or Night,1 Time
Sensitive,Redness,Serum,Aveeno Calm + Restore Serum,Morning or Night,1 Time
Combination,Large Pores,Spot Treatment,Niacinamide Spot Gel,Night,As Needed
Normal,Pigmentation,Serum,The Ordinary Alpha Arbutin,Morning or Night,1 Time
Normal,Dull Skin,Cleanser,Simple Refreshing Face Wash,Morning & Night,2 Times
Normal,Dark Spots,Sunscreen,Minimalist SPF50,Morning,Every Morning
Sensitive,Dryness,Serum,La Roche-Posay Hyalu B5,Morning or Night,1 Time
Dry,Dryness,Cleanser,Cetaphil Gentle Cleanser,Morning & Night,2 Times
Normal,Tan,Sunscreen,Minimalist SPF50,Morning,Every Morning
Combination,Blackheads,Sunscreen,Minimalist SPF50,Morning,Every Morning
Sensitive,Rosacea,Sunscreen,La Roche-Posay Anthelios,Morning,Every Morning
Sensitive,Redness,Sunscreen,Bioderma Photoderm,Morning,Every Morning
Sensitive,Irritation,Cleanser,La Roche-Posay Toleriane Cleanser,Morning & Night,2 Times
Dry,Flaky Skin,Spot Treatment,Cicaplast Baume B5,Night,As Needed
Normal,Pigmentation,Serum,The Ordinary Alpha Arbutin,Morning or Night,1 Time
Sensitive,Rosacea,Moisturizer,CeraVe Moisturizing Cream,Morning & Night,2 Times
Sensitive,Rosacea,Sunscreen,La Roche-Posay Anthelios,Morning,Every Morning
Combination,Blackheads,Sunscreen,Minimalist SPF50,Morning,Every Morning
Normal,Pigmentation,Serum,The Ordinary Alpha Arbutin,Morning or Night,1 Time
Combination,Large Pores,Moisturizer,Simple Hydrating Moisturizer,Morning & Night,2 Times
Sensitive,Redness,Sunscreen,La Roche-Posay Anthelios,Morning,Every Morning
Normal,Tan,Moisturizer,Simple Hydrating Moisturizer,Morning & Night,2 Times
Combination,Acne,Spot Treatment,Niacinamide Spot Gel,Night,As Needed
Combination,Acne,Serum,Minimalist Vitamin C,Morning or Night,1 Time
Sensitive,Rosacea,Sunscreen,La Roche-Posay Anthelios,Morning,Every Morning
Dry,Wrinkles,Spot Treatment,Cicaplast Baume B5,Night,As Needed
Normal,Dull Skin,Sunscreen,Minimalist SPF50,Morning,Every Morning
Oily,Blackheads,Serum,Minimalist Niacinamide 10%,Morning or Night,1 Time
Sensitive,Redness,Spot Treatment,Avene Cicalfate+,Night,As Needed
Oily,Blackheads,Cleanser,Cetaphil Oily Skin Cleanser,Morning & Night,2 Times
Oily,Blackheads,Sunscreen,Re'equil Ultra Matte SPF50,Morning,Every Morning
Normal,Tan,Sunscreen,Neutrogena Ultra Sheer SPF50,Morning,Every Morning
Combination,Pigmentation,Sunscreen,Re'equil Ultra Matte SPF50,Morning,Every Morning
Combination,Pigmentation,Spot Treatment,Benzac AC 2.5%,Night,As Needed
Oily,Whiteheads,Sunscreen,Minimalist SPF50,Morning,Every Morning
Sensitive,Irritation,Cleanser,Aveeno Calm + Restore Cleanser,Morning & Night,2 Times
Normal,Dull Skin,Serum,The Ordinary Alpha Arbutin,Morning or Night,1 Time
Sensitive,Rosacea,Moisturizer,Aveeno Daily Moisturizer,Morning & Night,2 Times
Sensitive,Rosacea,Sunscreen,Bioderma Photoderm,Morning,Every Morning
Dry,Flaky Skin,Serum,Neutrogena Hydro Boost Serum,Morning or Night,1 Time
Combination,Pigmentation,Sunscreen,Re'equil Ultra Matte SPF50,Morning,Every Morning
Normal,Dull Skin,Sunscreen,Neutrogena Ultra Sheer SPF50,Morning,Every Morning
Dry,Wrinkles,Cleanser,Cetaphil Gentle Cleanser,Morning & Night,2 Times
Sensitive,Irritation,Cleanser,Aveeno Calm + Restore Cleanser,Morning & Night,2 Times
Oily,Large Pores,Cleanser,Minimalist Salicylic Acid Cleanser,Morning & Night,2 Times
Dry,Wrinkles,Serum,The Ordinary Hyaluronic Acid,Morning or Night,1 Time
Combination,Blackheads,Moisturizer,Simple Hydrating Moisturizer,Morning & Night,2 Times
Oily,Whiteheads,Spot Treatment,The Ordinary Salicylic Acid,Night,As Needed
Normal,Dull Skin,Spot Treatment,Vitamin C Spot Corrector,Night,As Needed
Sensitive,Redness,Serum,La Roche-Posay Hyalu B5,Morning or Night,1 Time
Dry,Flaky Skin,Cleanser,CeraVe Hydrating Cleanser,Morning & Night,2 Times
Oily,Acne,Sunscreen,La Roche-Posay Oil Control SPF50,Morning,Every Morning
Normal,Pigmentation,Cleanser,Cetaphil Gentle Cleanser,Morning & Night,2 Times
Oily,Whiteheads,Moisturizer,Minimalist Sepicalm Moisturizer,Morning & Night,2 Times
Combination,Pigmentation,Serum,Minimalist Vitamin C,Morning or Night,1 Time
Sensitive,Dryness,Serum,Aveeno Calm + Restore Serum,Morning or Night,1 Time
Oily,Large Pores,Spot Treatment,Benzac AC 2.5%,Night,As Needed
Combination,Pigmentation,Serum,Minimalist Vitamin C,Morning or Night,1 Time
Normal,Dull Skin,Moisturizer,Simple Hydrating Moisturizer,Morning & Night,2 Times
Combination,Blackheads,Spot Treatment,Benzac AC 2.5%,Night,As Needed
Oily,Large Pores,Moisturizer,Minimalist Sepicalm Moisturizer,Morning & Night,2 Times
Combination,Blackheads,Sunscreen,Minimalist SPF50,Morning,Every Morning
Dry,Wrinkles,Sunscreen,Bioderma Photoderm,Morning,Every Morning
Dry,Wrinkles,Spot Treatment,La Roche-Posay Cicaplast,Night,As Needed
Sensitive,Irritation,Moisturizer,CeraVe Moisturizing Cream,Morning & Night,2 Times
Combination,Blackheads,Cleanser,CeraVe Foaming Cleanser,Morning & Night,2 Times
Sensitive,Rosacea,Moisturizer,CeraVe Moisturizing Cream,Morning & Night,2 Times
Sensitive,Irritation,Serum,Aveeno Calm + Restore Serum,Morning or Night,1 Time
Sensitive,Irritation,Serum,Aveeno Calm + Restore Serum,Morning or Night,1 Time
Oily,Whiteheads,Sunscreen,La Roche-Posay Oil Control SPF50,Morning,Every Morning
Sensitive,Irritation,Serum,Aveeno Calm + Restore Serum,Morning or Night,1 Time
Normal,Tan,Sunscreen,Minimalist SPF50,Morning,Every Morning
Dry,Dryness,Spot Treatment,La Roche-Posay Cicaplast,Night,As Needed
Sensitive,Irritation,Serum,La Roche-Posay Hyalu B5,Morning or Night,1 Time
Combination,Blackheads,Moisturizer,Neutrogena Hydro Boost Gel,Morning & Night,2 Times
Combination,Acne,Serum,Minimalist Niacinamide 10%,Morning or Night,1 Time
Combination,Blackheads,Cleanser,Simple Refreshing Face Wash,Morning & Night,2 Times
Oily,Whiteheads,Spot Treatment,Benzac AC 2.5%,Night,As Needed
Combination,Blackheads,Moisturizer,Simple Hydrating Moisturizer,Morning & Night,2 Times
Normal,Pigmentation,Serum,The Ordinary Alpha Arbutin,Morning or Night,1 Time
Oily,Whiteheads,Spot Treatment,Benzac AC 2.5%,Night,As Needed
Oily,Large Pores,Moisturizer,Minimalist Sepicalm Moisturizer,Morning & Night,2 Times
Oily,Blackheads,Cleanser,CeraVe Foaming Cleanser,Morning & Night,2 Times
Normal,Dull Skin,Cleanser,Simple Refreshing Face Wash,Morning & Night,2 Times
Dry,Flaky Skin,Serum,Minimalist Hyaluronic Acid,Morning or Night,1 Time
Combination,Blackheads,Spot Treatment,Niacinamide Spot Gel,Night,As Needed
Sensitive,Dryness,Sunscreen,La Roche-Posay Anthelios,Morning,Every Morning
Combination,Large Pores,Moisturizer,Neutrogena Hydro Boost Gel,Morning & Night,2 Times
Normal,Dark Spots,Sunscreen,Neutrogena Ultra Sheer SPF50,Morning,Every Morning
Dry,Wrinkles,Cleanser,Bioderma Atoderm Gel,Morning & Night,2 Times
Normal,Tan,Cleanser,Cetaphil Gentle Cleanser,Morning & Night,2 Times
Normal,Dark Spots,Cleanser,Cetaphil Gentle Cleanser,Morning & Night,2 Times
Oily,Blackheads,Spot Treatment,Benzac AC 2.5%,Night,As Needed
Oily,Whiteheads,Serum,The Ordinary Niacinamide 10%,Morning or Night,1 Time
Sensitive,Dryness,Cleanser,La Roche-Posay Toleriane Cleanser,Morning & Night,2 Times
Sensitive,Dryness,Serum,La Roche-Posay Hyalu B5,Morning or Night,1 Time
Dry,Flaky Skin,Cleanser,CeraVe Hydrating Cleanser,Morning & Night,2 Times
Dry,Dryness,Spot Treatment,La Roche-Posay Cicaplast,Night,As Needed
Dry,Dryness,Cleanser,Cetaphil Gentle Cleanser,Morning & Night,2 Times
Oily,Whiteheads,Serum,COSRX BHA Power Liquid,Morning or Night,1 Time
Normal,Pigmentation,Serum,The Ordinary Alpha Arbutin,Morning or Night,1 Time
Oily,Blackheads,Sunscreen,Re'equil Ultra Matte SPF50,Morning,Every Morning
Oily,Acne,Sunscreen,Minimalist SPF50,Morning,Every Morning
Normal,Pigmentation,Sunscreen,Minimalist SPF50,Morning,Every Morning
Sensitive,Redness,Spot Treatment,Avene Cicalfate+,Night,As Needed
Combination,Acne,Cleanser,Simple Refreshing Face Wash,Morning & Night,2 Times
Combination,Large Pores,Cleanser,Simple Refreshing Face Wash,Morning & Night,2 Times
Combination,Acne,Cleanser,Simple Refreshing Face Wash,Morning & Night,2 Times
Sensitive,Dryness,Cleanser,La Roche-Posay Toleriane Cleanser,Morning & Night,2 Times
Normal,Tan,Sunscreen,Neutrogena Ultra Sheer SPF50,Morning,Every Morning
Combination,Large Pores,Cleanser,CeraVe Foaming Cleanser,Morning & Night,2 Times
Sensitive,Dryness,Sunscreen,Bioderma Photoderm,Morning,Every Morning
Dry,Wrinkles,Moisturizer,Cetaphil Moisturizing Cream,Morning & Night,2 Times
Combination,Large Pores,Cleanser,Simple Refreshing Face Wash,Morning & Night,2 Times
Combination,Blackheads,Moisturizer,Simple Hydrating Moisturizer,Morning & Night,2 Times
Dry,Flaky Skin,Sunscreen,Bioderma Photoderm,Morning,Every Morning
Oily,Acne,Cleanser,Cetaphil Oily Skin Cleanser,Morning & Night,2 Times
Oily,Whiteheads,Serum,COSRX BHA Power Liquid,Morning or Night,1 Time
Oily,Whiteheads,Cleanser,Cetaphil Oily Skin Cleanser,Morning & Night,2 Times
Normal,Dull Skin,Cleanser,Cetaphil Gentle Cleanser,Morning & Night,2 Times
Sensitive,Irritation,Moisturizer,CeraVe Moisturizing Cream,Morning & Night,2 Times
Sensitive,Dryness,Serum,La Roche-Posay Hyalu B5,Morning or Night,1 Time
Dry,Dryness,Moisturizer,Cetaphil Moisturizing Cream,Morning & Night,2 Times
Oily,Whiteheads,Spot Treatment,Benzac AC 2.5%,Night,As Needed
Combination,Acne,Spot Treatment,Niacinamide Spot Gel,Night,As Needed
Oily,Blackheads,Moisturizer,Minimalist Sepicalm Moisturizer,Morning & Night,2 Times
Normal,Tan,Cleanser,Simple Refreshing Face Wash,Morning & Night,2 Times
Dry,Flaky Skin,Sunscreen,Bioderma Photoderm,Morning,Every Morning
Dry,Flaky Skin,Cleanser,Cetaphil Gentle Cleanser,Morning & Night,2 Times
Sensitive,Dryness,Sunscreen,Bioderma Photoderm,Morning,Every Morning
Combination,Blackheads,Serum,Minimalist Vitamin C,Morning or Night,1 Time
Normal,Tan,Spot Treatment,Vitamin C Spot Corrector,Night,As Needed
Oily,Blackheads,Serum,COSRX BHA Power Liquid,Morning or Night,1 Time
Oily,Acne,Moisturizer,Minimalist Sepicalm Moisturizer,Morning & Night,2 Times
Combination,Large Pores,Spot Treatment,Niacinamide Spot Gel,Night,As Needed
Combination,Blackheads,Serum,Minimalist Niacinamide 10%,Morning or Night,1 Time
Normal,Dull Skin,Cleanser,Cetaphil Gentle Cleanser,Morning & Night,2 Times
Sensitive,Rosacea,Spot Treatment,Avene Cicalfate+,Night,As Needed
Oily,Blackheads,Sunscreen,Re'equil Ultra Matte SPF50,Morning,Every Morning
Oily,Acne,Serum,Minimalist Niacinamide 10%,Morning or Night,1 Time
Dry,Dryness,Moisturizer,Cetaphil Moisturizing Cream,Morning & Night,2 Times
Normal,Pigmentation,Cleanser,Cetaphil Gentle Cleanser,Morning & Night,2 Times
Combination,Pigmentation,Serum,Minimalist Vitamin C,Morning or Night,1 Time
Sensitive,Dryness,Spot Treatment,Avene Cicalfate+,Night,As Needed
Oily,Large Pores,Cleanser,Cetaphil Oily Skin Cleanser,Morning & Night,2 Times
Oily,Large Pores,Cleanser,Cetaphil Oily Skin Cleanser,Morning & Night,2 Times
Sensitive,Rosacea,Spot Treatment,Avene Cicalfate+,Night,As Needed
Combination,Blackheads,Cleanser,Simple Refreshing Face Wash,Morning & Night,2 Times
Oily,Whiteheads,Serum,COSRX BHA Power Liquid,Morning or Night,1 Time
Combination,Blackheads,Cleanser,Simple Refreshing Face Wash,Morning & Night,2 Times
Oily,Blackheads,Sunscreen,Re'equil Ultra Matte SPF50,Morning,Every Morning
Combination,Acne,Sunscreen,Minimalist SPF50,Morning,Every Morning
Normal,Dark Spots,Moisturizer,Simple Hydrating Moisturizer,Morning & Night,2 Times
Oily,Acne,Spot Treatment,Benzac AC 2.5%,Night,As Needed
Normal,Tan,Serum,Minimalist Vitamin C,Morning or Night,1 Time
Oily,Blackheads,Moisturizer,Neutrogena Hydro Boost Gel,Morning & Night,2 Times
Dry,Flaky Skin,Serum,Neutrogena Hydro Boost Serum,Morning or Night,1 Time
Oily,Blackheads,Sunscreen,Minimalist SPF50,Morning,Every Morning
Sensitive,Rosacea,Spot Treatment,Avene Cicalfate+,Night,As Needed
Normal,Dark Spots,Sunscreen,Minimalist SPF50,Morning,Every Morning
Combination,Large Pores,Moisturizer,Simple Hydrating Moisturizer,Morning & Night,2 Times
Sensitive,Redness,Moisturizer,CeraVe Moisturizing Cream,Morning & Night,2 Times
Normal,Dull Skin,Sunscreen,Minimalist SPF50,Morning,Every Morning
Oily,Whiteheads,Moisturizer,Neutrogena Hydro Boost Gel,Morning & Night,2 Times
Oily,Large Pores,Sunscreen,Re'equil Ultra Matte SPF50,Morning,Every Morning
Sensitive,Redness,Sunscreen,La Roche-Posay Anthelios,Morning,Every Morning
Normal,Dull Skin,Spot Treatment,Vitamin C Spot Corrector,Night,As Needed
Oily,Large Pores,Cleanser,Cetaphil Oily Skin Cleanser,Morning & Night,2 Times
Oily,Blackheads,Cleanser,CeraVe Foaming Cleanser,Morning & Night,2 Times
Combination,Large Pores,Spot Treatment,Benzac AC 2.5%,Night,As Needed
Normal,Tan,Moisturizer,Cetaphil Moisturizing Lotion,Morning & Night,2 Times
Combination,Blackheads,Spot Treatment,Benzac AC 2.5%,Night,As Needed
Normal,Pigmentation,Moisturizer,Simple Hydrating Moisturizer,Morning & Night,2 Times
Sensitive,Rosacea,Moisturizer,Aveeno Daily Moisturizer,Morning & Night,2 Times
Sensitive,Dryness,Moisturizer,CeraVe Moisturizing Cream,Morning & Night,2 Times
Sensitive,Dryness,Moisturizer,Aveeno Daily Moisturizer,Morning & Night,2 Times
Combination,Pigmentation,Spot Treatment,Benzac AC 2.5%,Night,As Needed
Normal,Dull Skin,Moisturizer,Simple Hydrating Moisturizer,Morning & Night,2 Times
Sensitive,Redness,Sunscreen,Bioderma Photoderm,Morning,Every Morning
Oily,Whiteheads,Moisturizer,Neutrogena Hydro Boost Gel,Morning & Night,2 Times
Dry,Wrinkles,Sunscreen,Bioderma Photoderm,Morning,Every Morning
Dry,Dryness,Serum,The Ordinary Hyaluronic Acid,Morning or Night,1 Time
Normal,Pigmentation,Spot Treatment,Vitamin C Spot Corrector,Night,As Needed
Normal,Dark Spots,Spot Treatment,Alpha Arbutin Serum,Night,As Needed
Dry,Dryness,Serum,Neutrogena Hydro Boost Serum,Morning or Night,1 Time
Sensitive,Dryness,Sunscreen,La Roche-Posay Anthelios,Morning,Every Morning
Combination,Blackheads,Serum,Minimalist Vitamin C,Morning or Night,1 Time
Sensitive,Irritation,Sunscreen,La Roche-Posay Anthelios,Morning,Every Morning
Sensitive,Dryness,Moisturizer,Aveeno Daily Moisturizer,Morning & Night,2 Times
Dry,Wrinkles,Spot Treatment,La Roche-Posay Cicaplast,Night,As Needed
Combination,Blackheads,Sunscreen,Minimalist SPF50,Morning,Every Morning
Dry,Dryness,Spot Treatment,Cicaplast Baume B5,Night,As Needed
Normal,Pigmentation,Sunscreen,Neutrogena Ultra Sheer SPF50,Morning,Every Morning
Sensitive,Redness,Spot Treatment,Cicaplast Baume B5,Night,As Needed
Normal,Pigmentation,Serum,The Ordinary Alpha Arbutin,Morning or Night,1 Time
Combination,Pigmentation,Sunscreen,Re'equil Ultra Matte SPF50,Morning,Every Morning
Dry,Wrinkles,Moisturizer,CeraVe Moisturizing Cream,Morning & Night,2 Times
Combination,Acne,Sunscreen,Minimalist SPF50,Morning,Every Morning
Dry,Wrinkles,Cleanser,CeraVe Hydrating Cleanser,Morning & Night,2 Times
Dry,Dryness,Moisturizer,CeraVe Moisturizing Cream,Morning & Night,2 Times
Normal,Dark Spots,Serum,Minimalist Vitamin C,Morning or Night,1 Time
Normal,Dull Skin,Serum,Minimalist Tranexamic Acid,Morning or Night,1 Time
Combination,Large Pores,Spot Treatment,Benzac AC 2.5%,Night,As Needed
Oily,Acne,Moisturizer,Neutrogena Hydro Boost Gel,Morning & Night,2 Times
Dry,Flaky Skin,Spot Treatment,La Roche-Posay Cicaplast,Night,As Needed
Oily,Whiteheads,Serum,Minimalist Niacinamide 10%,Morning or Night,1 Time
Oily,Acne,Serum,Minimalist Niacinamide 10%,Morning or Night,1 Time
Sensitive,Rosacea,Cleanser,La Roche-Posay Toleriane Cleanser,Morning & Night,2 Times
Combination,Acne,Spot Treatment,Benzac AC 2.5%,Night,As Needed
Dry,Wrinkles,Sunscreen,Bioderma Photoderm,Morning,Every Morning
Sensitive,Irritation,Serum,La Roche-Posay Hyalu B5,Morning or Night,1 Time
Dry,Flaky Skin,Cleanser,Bioderma Atoderm Gel,Morning & Night,2 Times
Normal,Pigmentation,Spot Treatment,Vitamin C Spot Corrector,Night,As Needed
Combination,Large Pores,Cleanser,Simple Refreshing Face Wash,Morning & Night,2 Times
Normal,Tan,Cleanser,Cetaphil Gentle Cleanser,Morning & Night,2 Times
Oily,Whiteheads,Serum,COSRX BHA Power Liquid,Morning or Night,1 Time
Oily,Whiteheads,Serum,The Ordinary Niacinamide 10%,Morning or Night,1 Time
Normal,Tan,Serum,Minimalist Tranexamic Acid,Morning or Night,1 Time
Combination,Large Pores,Serum,Minimalist Niacinamide 10%,Morning or Night,1 Time
Oily,Large Pores,Cleanser,Cetaphil Oily Skin Cleanser,Morning & Night,2 Times
Dry,Dryness,Serum,The Ordinary Hyaluronic Acid,Morning or Night,1 Time
Normal,Tan,Spot Treatment,Alpha Arbutin Serum,Night,As Needed
Sensitive,Rosacea,Moisturizer,CeraVe Moisturizing Cream,Morning & Night,2 Times
Dry,Wrinkles,Moisturizer,CeraVe Moisturizing Cream,Morning & Night,2 Times
Normal,Tan,Cleanser,Cetaphil Gentle Cleanser,Morning & Night,2 Times
Combination,Large Pores,Sunscreen,Minimalist SPF50,Morning,Every Morning
Normal,Dark Spots,Sunscreen,Neutrogena Ultra Sheer SPF50,Morning,Every Morning
Normal,Tan,Cleanser,Cetaphil Gentle Cleanser,Morning & Night,2 Times
Oily,Large Pores,Spot Treatment,Benzac AC 2.5%,Night,As Needed
Sensitive,Irritation,Moisturizer,CeraVe Moisturizing Cream,Morning & Night,2 Times
Oily,Whiteheads,Moisturizer,Minimalist Sepicalm Moisturizer,Morning & Night,2 Times
Combination,Large Pores,Serum,Minimalist Vitamin C,Morning or Night,1 Time
Normal,Dull Skin,Cleanser,Cetaphil Gentle Cleanser,Morning & Night,2 Times
Sensitive,Rosacea,Moisturizer,CeraVe Moisturizing Cream,Morning & Night,2 Times
Oily,Large Pores,Moisturizer,Neutrogena Hydro Boost Gel,Morning & Night,2 Times
Oily,Blackheads,Spot Treatment,The Ordinary Salicylic Acid,Night,As Needed
Oily,Blackheads,Cleanser,CeraVe Foaming Cleanser,Morning & Night,2 Times
Normal,Tan,Sunscreen,Minimalist SPF50,Morning,Every Morning
Sensitive,Dryness,Sunscreen,Bioderma Photoderm,Morning,Every Morning
Normal,Dull Skin,Cleanser,Simple Refreshing Face Wash,Morning & Night,2 Times
Sensitive,Irritation,Sunscreen,Bioderma Photoderm,Morning,Every Morning
Normal,Dark Spots,Cleanser,Simple Refreshing Face Wash,Morning & Night,2 Times
Dry,Wrinkles,Spot Treatment,La Roche-Posay Cicaplast,Night,As Needed
Sensitive,Redness,Moisturizer,Aveeno Daily Moisturizer,Morning & Night,2 Times
Combination,Pigmentation,Spot Treatment,Niacinamide Spot Gel,Night,As Needed
Combination,Pigmentation,Cleanser,CeraVe Foaming Cleanser,Morning & Night,2 Times
Oily,Large Pores,Serum,COSRX BHA Power Liquid,Morning or Night,1 Time
Combination,Acne,Moisturizer,Simple Hydrating Moisturizer,Morning & Night,2 Times
Oily,Whiteheads,Moisturizer,Neutrogena Hydro Boost Gel,Morning & Night,2 Times
Dry,Wrinkles,Spot Treatment,Cicaplast Baume B5,Night,As Needed
Oily,Blackheads,Serum,The Ordinary Niacinamide 10%,Morning or Night,1 Time
Combination,Acne,Moisturizer,Simple Hydrating Moisturizer,Morning & Night,2 Times
Combination,Pigmentation,Spot Treatment,Benzac AC 2.5%,Night,As Needed
Oily,Whiteheads,Sunscreen,Re'equil Ultra Matte SPF50,Morning,Every Morning
Combination,Large Pores,Sunscreen,Re'equil Ultra Matte SPF50,Morning,Every Morning
Dry,Wrinkles,Cleanser,CeraVe Hydrating Cleanser,Morning & Night,2 Times
Combination,Blackheads,Serum,Minimalist Niacinamide 10%,Morning or Night,1 Time
Dry,Wrinkles,Spot Treatment,Cicaplast Baume B5,Night,As Needed
Oily,Blackheads,Moisturizer,Neutrogena Hydro Boost Gel,Morning & Night,2 Times
Dry,Wrinkles,Serum,Minimalist Hyaluronic Acid,Morning or Night,1 Time
Sensitive,Irritation,Cleanser,Aveeno Calm + Restore Cleanser,Morning & Night,2 Times
Dry,Flaky Skin,Spot Treatment,La Roche-Posay Cicaplast,Night,As Needed
Dry,Flaky Skin,Moisturizer,CeraVe Moisturizing Cream,Morning & Night,2 Times
Sensitive,Dryness,Spot Treatment,Cicaplast Baume B5,Night,As Needed
Dry,Flaky Skin,Spot Treatment,La Roche-Posay Cicaplast,Night,As Needed
Sensitive,Redness,Cleanser,La Roche-Posay Toleriane Cleanser,Morning & Night,2 Times
Oily,Whiteheads,Serum,COSRX BHA Power Liquid,Morning or Night,1 Time
Combination,Acne,Sunscreen,Minimalist SPF50,Morning,Every Morning
Normal,Dull Skin,Serum,Minimalist Tranexamic Acid,Morning or Night,1 Time
Combination,Blackheads,Sunscreen,Re'equil Ultra Matte SPF50,Morning,Every Morning
Oily,Blackheads,Sunscreen,Minimalist SPF50,Morning,Every Morning
Combination,Large Pores,Serum,Minimalist Vitamin C,Morning or Night,1 Time
Sensitive,Dryness,Moisturizer,Aveeno Daily Moisturizer,Morning & Night,2 Times
Normal,Dull Skin,Serum,The Ordinary Alpha Arbutin,Morning or Night,1 Time
Sensitive,Redness,Moisturizer,CeraVe Moisturizing Cream,Morning & Night,2 Times
Combination,Acne,Moisturizer,Simple Hydrating Moisturizer,Morning & Night,2 Times
Dry,Dryness,Cleanser,Cetaphil Gentle Cleanser,Morning & Night,2 Times
Normal,Dull Skin,Spot Treatment,Alpha Arbutin Serum,Night,As Needed
Dry,Dryness,Moisturizer,Cetaphil Moisturizing Cream,Morning & Night,2 Times
Dry,Dryness,Sunscreen,Fixderma SPF50,Morning,Every Morning
Combination,Large Pores,Moisturizer,Simple Hydrating Moisturizer,Morning & Night,2 Times
Oily,Acne,Sunscreen,Re'equil Ultra Matte SPF50,Morning,Every Morning
Combination,Pigmentation,Serum,Minimalist Vitamin C,Morning or Night,1 Time
Oily,Acne,Moisturizer,Minimalist Sepicalm Moisturizer,Morning & Night,2 Times
Sensitive,Rosacea,Moisturizer,CeraVe Moisturizing Cream,Morning & Night,2 Times
Oily,Large Pores,Serum,Minimalist Niacinamide 10%,Morning or Night,1 Time
Normal,Dull Skin,Moisturizer,Simple Hydrating Moisturizer,Morning & Night,2 Times
Combination,Acne,Spot Treatment,Benzac AC 2.5%,Night,As Needed
Normal,Tan,Cleanser,Cetaphil Gentle Cleanser,Morning & Night,2 Times
Sensitive,Rosacea,Spot Treatment,Avene Cicalfate+,Night,As Needed
Sensitive,Redness,Serum,Aveeno Calm + Restore Serum,Morning or Night,1 Time
Combination,Blackheads,Moisturizer,Simple Hydrating Moisturizer,Morning & Night,2 Times
Dry,Dryness,Spot Treatment,La Roche-Posay Cicaplast,Night,As Needed
Sensitive,Redness,Cleanser,La Roche-Posay Toleriane Cleanser,Morning & Night,2 Times
Dry,Flaky Skin,Moisturizer,Cetaphil Moisturizing Cream,Morning & Night,2 Times
Sensitive,Rosacea,Serum,Aveeno Calm + Restore Serum,Morning or Night,1 Time
Normal,Tan,Serum,The Ordinary Alpha Arbutin,Morning or Night,1 Time
Sensitive,Irritation,Spot Treatment,Avene Cicalfate+,Night,As Needed
Sensitive,Rosacea,Spot Treatment,Avene Cicalfate+,Night,As Needed
Combination,Acne,Moisturizer,Simple Hydrating Moisturizer,Morning & Night,2 Times
Oily,Large Pores,Spot Treatment,The Ordinary Salicylic Acid,Night,As Needed
Oily,Large Pores,Moisturizer,Neutrogena Hydro Boost Gel,Morning & Night,2 Times
